,esg1,sandp,sustain,iss,msci
E,0.5,0.5,0.5,0.495,0.5
S,0.5,0.0,0.375,0.495,0.30000000000000004
G,0.5950000000000001,1.33,0.25,0.43000000000000005,0.2
