,esg1,sandp,sustain,iss,msci
E,1.0,1.0,1.0,0.99,1.0
S,1.0,0.0,0.75,0.99,0.6000000000000001
G,1.1900000000000002,2.66,0.5,0.8600000000000001,0.4
